typhoon_name,admin_L3_code,admin_L2_code,admin_L3_name,comp_damage_houses,part_damage_houses,total_damage_houses,pop_15,n_households,pop_density_15,average_speed_mph,distance_typhoon_km,Rainfallme,distance_first_impact,x_pos,y_pos,mean_elevation_m,mean_slope,slope_stdev,mean_ruggedness,ruggedness_stdev,with_coast,coast_length,perimeter,area_km2,poverty_perc,roof_conc,roof_makeshift,roof_straw,roof_iron,roof_half_conc,roof_wood,wall_conc,wall_wood,wall_iron,wall_makeshift,wall_bamboo,wall_half_wood
Haima,PH012801000,PH012800000,ADAMS,,,,1792,380,16.11728201,120,31.47289916,258.8837468,158646.7779,280273.6585,2041610.714,558.7500188,16.82703785,8.536798149,84.40795343,39.76237568,0,,45998,111.185,10.10044643,0,0,0.062184874,0.919327731,0.018487395,0,0.266666667,0.488515406,0,0,0.00280112,0.242016807
Haima,PH012802000,PH012800000,BACARRA,,,,32215,7585,582.0655513,110,0.347622594,189.4305894,177955.4723,247618.8703,2021401.834,23.79743202,2.127614251,2.49154601,12.05174624,12.14330858,1,4294.402515,33314,55.346,2.07046407,0.000697394,0.000348697,0.01461358,0.979331769,0.002377481,0.002631078,0.738400508,0.050460171,0.007045382,0.002634084,0.049095525,0.152364329
Haima,PH012803000,PH012800000,BADOC,,,,31616,6922,391.4906263,90.0175243,41.42540656,268.1706933,178149.1893,236091.3164,1981546.535,97.69650248,7.368456376,8.268917191,37.36870224,39.58077608,1,15820.52494,64986,80.758,4.991143725,0.001367989,0.002117126,0.08979871,0.890919158,0.014624454,0.001172562,0.67207325,0.022040549,0.00206017,0.001929366,0.148463048,0.153433617
Haima,PH012804000,PH012800000,BANGUI,,,,14672,3554,127.4429755,121.3063623,28.00790106,272.4008671,175973.4361,262390.7297,2045850.296,220.4654922,11.93800868,8.831068209,59.74079591,41.11406872,1,11813.2593,52052,115.126,3.748636859,0.00119936,0.002865139,0.054704158,0.92750533,0.01239339,0.001332623,0.753515963,0.083983203,0.002932747,0.004932347,0.040725188,0.113910551
Haima,PH012805000,PH012800000,CITY OF BATAC,,,,55201,12337,348.8170766,99.47106026,24.86817334,216.3019868,173106.5893,244252.4512,1996031.12,91.41103906,5.234450425,5.180506636,27.48998066,23.80632038,0,,66662,158.252,3.224579265,0.004364195,0.000955253,0.035082133,0.92717601,0.02787091,0.004551499,0.67995049,0.049828404,0.001669073,0.004538379,0.10410142,0.159912233
