typhoon_name,admin_L3_code,admin_L2_code,admin_L3_name,comp_damage_houses,part_damage_houses,total_damage_houses,pop_15,n_households,pop_density_15,average_speed_mph,distance_typhoon_km,Rainfallme,distance_first_impact,x_pos,y_pos,mean_elevation_m,mean_slope,slope_stdev,mean_ruggedness,ruggedness_stdev,with_coast,coast_length,perimeter,area_km2,poverty_perc,roof_conc,roof_makeshift,roof_straw,roof_iron,roof_half_conc,roof_wood,wall_conc,wall_wood,wall_iron,wall_makeshift,wall_bamboo,wall_half_wood
Hagupit,PH045620000,PH045600000,INFANTA,1,1,2,69079,14638,401.0997306,46.91463596,101.3339833,235.8231247,516732.6132,347774.7321,1622912.37,204.4695074,9.267930367,9.647589908,46.54330011,45.3036999,1,41462.48266,122425,172.224,3.490206865,0.003556573,0.00174736,0.20799765,0.763982743,0.018679738,0.004035937,0.445991953,0.353033117,0.002476014,0.005230579,0.046997833,0.146270504
Hagupit,PH051705000,PH051700000,BUHI,2,36,38,77143,15598,410.8858683,60,67.01690638,125.721165,267106.923,556127.41,1484491.709,281.7991736,9.483947751,8.508021441,47.80568773,40.93363596,1,26460.28528,92591,187.748,6.437395486,0.01601061,0.006918334,0.281573442,0.642024091,0.043861688,0.009611835,0.379081939,0.153314616,0.01358829,0.01143488,0.304625743,0.137954533
Hagupit,PH051708000,PH051700000,CALABANGA,1,16,17,83033,15603,548.8152285,60,74.06865703,143.1795657,307718.7257,529148.9597,1515623.3,201.372453,5.00299504,6.73409529,25.4673699,33.70078205,1,26490.21033,91398,151.295,5.894042128,0.00542082,0.002350735,0.36557137,0.591922721,0.03310297,0.001631384,0.428223844,0.132124554,0.007532226,0.00657452,0.303372677,0.12217218
Hagupit,PH051711000,PH051700000,CARAMOAN,3,229,232,47605,9005,174.050228,50,120.209346,118.2226428,271596.8199,589998.9202,1525506.881,98.49001225,10.30389497,7.201187674,53.6928522,33.53034204,1,118149.6731,294608,273.513,8.763785317,0.008471176,0.00338847,0.482321994,0.473761648,0.020442285,0.011614428,0.23142838,0.229152255,0.002967889,0.00486466,0.381786535,0.149800281
Hagupit,PH051714000,PH051700000,GARCHITORENA,131,76,207,27010,4593,110.3196451,50,112.4588424,129.9873932,291284.4781,568611.4256,1532963.844,189.5756011,10.69925142,7.393707239,52.8802769,32.84498443,1,9083.178952,280907,244.834,9.059607553,0.008136212,0.000396888,0.689077631,0.22400381,0.042625814,0.035759644,0.176309197,0.345461052,0.003101515,0.000516919,0.313690405,0.160920911
